{"cameraMode":{"drawMode":0,"name":"Shaded","section":"Shading Mode"},"sceneLighting":true,"audioPlay":false,"sceneViewState":{"m_AlwaysRefresh":false,"showFog":true,"showSkybox":true,"showFlares":true,"showImageEffects":true,"showParticleSystems":true,"showVisualEffectGraphs":true,"m_FxEnabled":true},"in2DMode":false,"pivot":{"x":-92.08436584472656,"y":5.385000228881836,"z":-0.21991920471191407},"rotation":{"x":-0.18342433869838715,"y":0.05952484533190727,"z":-0.01113144401460886,"w":-0.9811774492263794},"size":0.8660253882408142,"orthographic":false}