{"cameraMode":{"drawMode":0,"name":"Shaded","section":"Shading Mode"},"sceneLighting":true,"audioPlay":false,"sceneViewState":{"m_AlwaysRefresh":false,"showFog":true,"showSkybox":true,"showFlares":true,"showImageEffects":true,"showParticleSystems":true,"showVisualEffectGraphs":true,"m_FxEnabled":true},"in2DMode":false,"pivot":{"x":158.33460998535157,"y":9.783613204956055,"z":15.447128295898438},"rotation":{"x":-0.004808289464563131,"y":-0.02190125174820423,"z":0.00010463230137247592,"w":-0.9997532367706299},"size":180.77178955078126,"orthographic":false}