{"cameraMode":{"drawMode":0,"name":"Shaded","section":"Shading Mode"},"sceneLighting":true,"audioPlay":false,"sceneViewState":{"m_AlwaysRefresh":false,"showFog":true,"showSkybox":true,"showFlares":true,"showImageEffects":true,"showParticleSystems":true,"showVisualEffectGraphs":true,"m_FxEnabled":true},"in2DMode":false,"pivot":{"x":-162.96002197265626,"y":14.799999237060547,"z":-0.060896873474121097},"rotation":{"x":-0.18342433869838715,"y":0.05952484533190727,"z":-0.01113144401460886,"w":-0.9811774492263794},"size":0.8660253882408142,"orthographic":false}