{"cameraMode":{"drawMode":0,"name":"Shaded","section":"Shading Mode"},"sceneLighting":true,"audioPlay":false,"sceneViewState":{"m_AlwaysRefresh":false,"showFog":true,"showSkybox":true,"showFlares":true,"showImageEffects":true,"showParticleSystems":true,"showVisualEffectGraphs":true,"m_FxEnabled":true},"in2DMode":false,"pivot":{"x":-93.55572509765625,"y":4.677541255950928,"z":1.9416851997375489},"rotation":{"x":-0.030670637264847757,"y":0.9217816591262817,"z":-0.37923651933670046,"w":-0.07454892247915268},"size":1.0024726390838624,"orthographic":false}