{"cameraMode":{"drawMode":0,"name":"Shaded","section":"Shading Mode"},"sceneLighting":true,"audioPlay":false,"sceneViewState":{"m_AlwaysRefresh":false,"showFog":true,"showSkybox":true,"showFlares":true,"showImageEffects":true,"showParticleSystems":true,"showVisualEffectGraphs":true,"m_FxEnabled":true},"in2DMode":false,"pivot":{"x":-0.000001430511474609375,"y":1.2644546031951905,"z":-0.00000286102294921875},"rotation":{"x":-0.18342433869838715,"y":0.05952484533190727,"z":-0.01113144401460886,"w":-0.9811774492263794},"size":10.277084350585938,"orthographic":false}