{"cameraMode":{"drawMode":0,"name":"Shaded","section":"Shading Mode"},"sceneLighting":true,"audioPlay":false,"sceneViewState":{"m_AlwaysRefresh":false,"showFog":true,"showSkybox":true,"showFlares":true,"showImageEffects":true,"showParticleSystems":true,"showVisualEffectGraphs":true,"m_FxEnabled":true},"in2DMode":false,"pivot":{"x":-0.000009179115295410156,"y":3.005000114440918,"z":-0.00006416440010070801},"rotation":{"x":-0.030670637264847757,"y":0.9217816591262817,"z":-0.37923651933670046,"w":-0.07454892247915268},"size":1.223095178604126,"orthographic":false}