{"cameraMode":{"drawMode":0,"name":"Shaded","section":"Shading Mode"},"sceneLighting":true,"audioPlay":false,"sceneViewState":{"m_AlwaysRefresh":false,"showFog":true,"showSkybox":false,"showFlares":true,"showImageEffects":true,"showParticleSystems":true,"showVisualEffectGraphs":true,"m_FxEnabled":true},"in2DMode":false,"pivot":{"x":-92.07991027832031,"y":4.348695755004883,"z":-0.22056515514850617},"rotation":{"x":-0.10358583182096482,"y":0.027440963312983514,"z":-0.00286260643042624,"w":-0.9942516088485718},"size":1.752104640007019,"orthographic":false}