{"cameraMode":{"drawMode":0,"name":"Shaded","section":"Shading Mode"},"sceneLighting":false,"audioPlay":false,"sceneViewState":{"m_AlwaysRefresh":false,"showFog":true,"showSkybox":false,"showFlares":true,"showImageEffects":true,"showParticleSystems":true,"showVisualEffectGraphs":true,"m_FxEnabled":true},"in2DMode":false,"pivot":{"x":1.0585389137268067,"y":-0.3723306655883789,"z":-0.8455991744995117},"rotation":{"x":0.08121243864297867,"y":0.015863608568906785,"z":-0.001168181304819882,"w":0.9966779351234436},"size":13.109745025634766,"orthographic":false}